adm3_name,adm3_pcode,adm2_pcode
13,ZW160113,ZW1601
10,ZW160110,ZW1601
12,ZW160112,ZW1601
16,ZW160116,ZW1601
6,ZW160106,ZW1601
7,ZW160107,ZW1601
3,ZW160103,ZW1601
1,ZW160101,ZW1601
8,ZW160108,ZW1601
14,ZW160114,ZW1601
15,ZW160115,ZW1601
9,ZW160109,ZW1601
5,ZW160105,ZW1601
2,ZW160102,ZW1601
4,ZW160104,ZW1601
11,ZW160111,ZW1601
3,ZW162203,ZW1622
2,ZW162202,ZW1622
5,ZW162205,ZW1622
6,ZW162206,ZW1622
4,ZW162204,ZW1622
1,ZW162201,ZW1622
26,ZW180126,ZW1801
25,ZW180125,ZW1801
2,ZW180102,ZW1801
20,ZW180120,ZW1801
24,ZW180124,ZW1801
14,ZW180114,ZW1801
7,ZW180107,ZW1801
8,ZW180108,ZW1801
4,ZW180104,ZW1801
29,ZW180129,ZW1801
28,ZW180128,ZW1801
10,ZW180110,ZW1801
21,ZW180121,ZW1801
18,ZW180118,ZW1801
11,ZW180111,ZW1801
30,ZW180130,ZW1801
12,ZW180112,ZW1801
22,ZW180122,ZW1801
9,ZW180109,ZW1801
13,ZW180113,ZW1801
32,ZW180132,ZW1801
16,ZW180116,ZW1801
17,ZW180117,ZW1801
3,ZW180103,ZW1801
1,ZW180101,ZW1801
5,ZW180105,ZW1801
6,ZW180106,ZW1801
31,ZW180131,ZW1801
15,ZW180115,ZW1801
19,ZW180119,ZW1801
23,ZW180123,ZW1801
27,ZW180127,ZW1801
16,ZW120116,ZW1201
15,ZW120115,ZW1201
17,ZW120117,ZW1201
20,ZW120120,ZW1201
21,ZW120121,ZW1201
19,ZW120119,ZW1201
7,ZW120107,ZW1201
10,ZW120110,ZW1201
6,ZW120106,ZW1201
18,ZW120118,ZW1201
2,ZW120102,ZW1201
5,ZW120105,ZW1201
1,ZW120101,ZW1201
4,ZW120104,ZW1201
3,ZW120103,ZW1201
13,ZW120113,ZW1201
9,ZW120109,ZW1201
8,ZW120108,ZW1201
14,ZW120114,ZW1201
12,ZW120112,ZW1201
11,ZW120111,ZW1201
4,ZW122104,ZW1221
5,ZW122105,ZW1221
7,ZW122107,ZW1221
1,ZW122101,ZW1221
2,ZW122102,ZW1221
10,ZW122110,ZW1221
9,ZW122109,ZW1221
8,ZW122108,ZW1221
3,ZW122103,ZW1221
12,ZW122112,ZW1221
11,ZW122111,ZW1221
6,ZW122106,ZW1221
4,ZW150104,ZW1501
2,ZW150102,ZW1501
21,ZW150121,ZW1501
19,ZW150119,ZW1501
24,ZW150124,ZW1501
6,ZW150106,ZW1501
5,ZW150105,ZW1501
15,ZW150115,ZW1501
22,ZW150122,ZW1501
8,ZW150108,ZW1501
7,ZW150107,ZW1501
10,ZW150110,ZW1501
9,ZW150109,ZW1501
16,ZW150116,ZW1501
18,ZW150118,ZW1501
25,ZW150125,ZW1501
20,ZW150120,ZW1501
12,ZW150112,ZW1501
13,ZW150113,ZW1501
1,ZW150101,ZW1501
23,ZW150123,ZW1501
3,ZW150103,ZW1501
17,ZW150117,ZW1501
11,ZW150111,ZW1501
14,ZW150114,ZW1501
10,ZW150210,ZW1502
1,ZW150201,ZW1502
5,ZW150205,ZW1502
20,ZW150220,ZW1502
9,ZW150209,ZW1502
8,ZW150208,ZW1502
19,ZW150219,ZW1502
14,ZW150214,ZW1502
22,ZW150222,ZW1502
11,ZW150211,ZW1502
12,ZW150212,ZW1502
23,ZW150223,ZW1502
15,ZW150215,ZW1502
17,ZW150217,ZW1502
3,ZW150203,ZW1502
18,ZW150218,ZW1502
7,ZW150207,ZW1502
4,ZW150204,ZW1502
16,ZW150216,ZW1502
6,ZW150206,ZW1502
13,ZW150213,ZW1502
21,ZW150221,ZW1502
2,ZW150202,ZW1502
12,ZW110112,ZW1101
24,ZW110124,ZW1101
21,ZW110121,ZW1101
18,ZW110118,ZW1101
32,ZW110132,ZW1101
26,ZW110126,ZW1101
23,ZW110123,ZW1101
19,ZW110119,ZW1101
20,ZW110120,ZW1101
22,ZW110122,ZW1101
29,ZW110129,ZW1101
25,ZW110125,ZW1101
28,ZW110128,ZW1101
33,ZW110133,ZW1101
30,ZW110130,ZW1101
6,ZW110106,ZW1101
2,ZW110102,ZW1101
4,ZW110104,ZW1101
13,ZW110113,ZW1101
31,ZW110131,ZW1101
8,ZW110108,ZW1101
10,ZW110110,ZW1101
3,ZW110103,ZW1101
9,ZW110109,ZW1101
1,ZW110101,ZW1101
11,ZW110111,ZW1101
5,ZW110105,ZW1101
17,ZW110117,ZW1101
16,ZW110116,ZW1101
14,ZW110114,ZW1101
15,ZW110115,ZW1101
7,ZW110107,ZW1101
27,ZW110127,ZW1101
3,ZW102103,ZW1021
1,ZW102101,ZW1021
5,ZW102105,ZW1021
4,ZW102104,ZW1021
2,ZW102102,ZW1021
10,ZW102110,ZW1021
29,ZW102129,ZW1021
14,ZW102114,ZW1021
8,ZW102108,ZW1021
9,ZW102109,ZW1021
18,ZW102118,ZW1021
17,ZW102117,ZW1021
19,ZW102119,ZW1021
16,ZW102116,ZW1021
11,ZW102111,ZW1021
28,ZW102128,ZW1021
13,ZW102113,ZW1021
27,ZW102127,ZW1021
7,ZW102107,ZW1021
20,ZW102120,ZW1021
21,ZW102121,ZW1021
22,ZW102122,ZW1021
24,ZW102124,ZW1021
23,ZW102123,ZW1021
25,ZW102125,ZW1021
6,ZW102106,ZW1021
15,ZW102115,ZW1021
26,ZW102126,ZW1021
12,ZW102112,ZW1021
22,ZW160222,ZW1602
8,ZW160208,ZW1602
15,ZW160215,ZW1602
12,ZW160212,ZW1602
9,ZW160209,ZW1602
10,ZW160210,ZW1602
13,ZW160213,ZW1602
18,ZW160218,ZW1602
21,ZW160221,ZW1602
16,ZW160216,ZW1602
1,ZW160201,ZW1602
4,ZW160204,ZW1602
20,ZW160220,ZW1602
17,ZW160217,ZW1602
19,ZW160219,ZW1602
3,ZW160203,ZW1602
2,ZW160202,ZW1602
5,ZW160205,ZW1602
7,ZW160207,ZW1602
11,ZW160211,ZW1602
6,ZW160206,ZW1602
14,ZW160214,ZW1602
29,ZW120229,ZW1202
12,ZW120212,ZW1202
11,ZW120211,ZW1202
25,ZW120225,ZW1202
16,ZW120216,ZW1202
4,ZW120204,ZW1202
23,ZW120223,ZW1202
1,ZW120201,ZW1202
5,ZW120205,ZW1202
19,ZW120219,ZW1202
2,ZW120202,ZW1202
3,ZW120203,ZW1202
13,ZW120213,ZW1202
14,ZW120214,ZW1202
28,ZW120228,ZW1202
22,ZW120222,ZW1202
26,ZW120226,ZW1202
15,ZW120215,ZW1202
9,ZW120209,ZW1202
27,ZW120227,ZW1202
24,ZW120224,ZW1202
8,ZW120208,ZW1202
10,ZW120210,ZW1202
18,ZW120218,ZW1202
17,ZW120217,ZW1202
21,ZW120221,ZW1202
6,ZW120206,ZW1202
7,ZW120207,ZW1202
20,ZW120220,ZW1202
2,ZW140102,ZW1401
1,ZW140101,ZW1401
6,ZW140106,ZW1401
15,ZW140115,ZW1401
21,ZW140121,ZW1401
17,ZW140117,ZW1401
22,ZW140122,ZW1401
11,ZW140111,ZW1401
24,ZW140124,ZW1401
23,ZW140123,ZW1401
9,ZW140109,ZW1401
10,ZW140110,ZW1401
27,ZW140127,ZW1401
4,ZW140104,ZW1401
12,ZW140112,ZW1401
29,ZW140129,ZW1401
3,ZW140103,ZW1401
8,ZW140108,ZW1401
7,ZW140107,ZW1401
5,ZW140105,ZW1401
25,ZW140125,ZW1401
20,ZW140120,ZW1401
28,ZW140128,ZW1401
19,ZW140119,ZW1401
14,ZW140114,ZW1401
13,ZW140113,ZW1401
16,ZW140116,ZW1401
18,ZW140118,ZW1401
26,ZW140126,ZW1401
12,ZW142312,ZW1423
1,ZW142301,ZW1423
10,ZW142310,ZW1423
4,ZW142304,ZW1423
7,ZW142307,ZW1423
9,ZW142309,ZW1423
6,ZW142306,ZW1423
5,ZW142305,ZW1423
8,ZW142308,ZW1423
11,ZW142311,ZW1423
2,ZW142302,ZW1423
3,ZW142303,ZW1423
1,ZW130101,ZW1301
13,ZW130113,ZW1301
8,ZW130108,ZW1301
2,ZW130102,ZW1301
3,ZW130103,ZW1301
23,ZW130123,ZW1301
5,ZW130105,ZW1301
25,ZW130125,ZW1301
22,ZW130122,ZW1301
28,ZW130128,ZW1301
24,ZW130124,ZW1301
29,ZW130129,ZW1301
7,ZW130107,ZW1301
10,ZW130110,ZW1301
6,ZW130106,ZW1301
9,ZW130109,ZW1301
4,ZW130104,ZW1301
30,ZW130130,ZW1301
21,ZW130121,ZW1301
17,ZW130117,ZW1301
27,ZW130127,ZW1301
18,ZW130118,ZW1301
16,ZW130116,ZW1301
20,ZW130120,ZW1301
26,ZW130126,ZW1301
19,ZW130119,ZW1301
14,ZW130114,ZW1301
12,ZW130112,ZW1301
11,ZW130111,ZW1301
15,ZW130115,ZW1301
2,ZW110202,ZW1102
1,ZW110201,ZW1102
7,ZW110207,ZW1102
17,ZW110217,ZW1102
15,ZW110215,ZW1102
12,ZW110212,ZW1102
8,ZW110208,ZW1102
20,ZW110220,ZW1102
13,ZW110213,ZW1102
19,ZW110219,ZW1102
10,ZW110210,ZW1102
21,ZW110221,ZW1102
18,ZW110218,ZW1102
22,ZW110222,ZW1102
4,ZW110204,ZW1102
5,ZW110205,ZW1102
16,ZW110216,ZW1102
6,ZW110206,ZW1102
3,ZW110203,ZW1102
11,ZW110211,ZW1102
9,ZW110209,ZW1102
14,ZW110214,ZW1102
23,ZW110223,ZW1102
1,ZW142101,ZW1421
2,ZW142102,ZW1421
15,ZW142115,ZW1421
11,ZW142111,ZW1421
3,ZW142103,ZW1421
13,ZW142113,ZW1421
5,ZW142105,ZW1421
14,ZW142114,ZW1421
9,ZW142109,ZW1421
10,ZW142110,ZW1421
8,ZW142108,ZW1421
12,ZW142112,ZW1421
4,ZW142104,ZW1421
7,ZW142107,ZW1421
6,ZW142106,ZW1421
21,ZW110321,ZW1103
20,ZW110320,ZW1103
23,ZW110323,ZW1103
17,ZW110317,ZW1103
16,ZW110316,ZW1103
22,ZW110322,ZW1103
24,ZW110324,ZW1103
29,ZW110329,ZW1103
26,ZW110326,ZW1103
27,ZW110327,ZW1103
15,ZW110315,ZW1103
7,ZW110307,ZW1103
6,ZW110306,ZW1103
2,ZW110302,ZW1103
9,ZW110309,ZW1103
11,ZW110311,ZW1103
1,ZW110301,ZW1103
12,ZW110312,ZW1103
18,ZW110318,ZW1103
13,ZW110313,ZW1103
14,ZW110314,ZW1103
5,ZW110305,ZW1103
4,ZW110304,ZW1103
3,ZW110303,ZW1103
8,ZW110308,ZW1103
25,ZW110325,ZW1103
28,ZW110328,ZW1103
10,ZW110310,ZW1103
30,ZW110330,ZW1103
19,ZW110319,ZW1103
3,ZW112303,ZW1123
4,ZW112304,ZW1123
8,ZW112308,ZW1123
1,ZW112301,ZW1123
7,ZW112307,ZW1123
6,ZW112306,ZW1123
5,ZW112305,ZW1123
2,ZW112302,ZW1123
24,ZW180224,ZW1802
32,ZW180232,ZW1802
20,ZW180220,ZW1802
10,ZW180210,ZW1802
12,ZW180212,ZW1802
11,ZW180211,ZW1802
13,ZW180213,ZW1802
17,ZW180217,ZW1802
30,ZW180230,ZW1802
27,ZW180227,ZW1802
18,ZW180218,ZW1802
28,ZW180228,ZW1802
16,ZW180216,ZW1802
19,ZW180219,ZW1802
6,ZW180206,ZW1802
9,ZW180209,ZW1802
31,ZW180231,ZW1802
23,ZW180223,ZW1802
29,ZW180229,ZW1802
22,ZW180222,ZW1802
3,ZW180203,ZW1802
2,ZW180202,ZW1802
1,ZW180201,ZW1802
25,ZW180225,ZW1802
4,ZW180204,ZW1802
5,ZW180205,ZW1802
8,ZW180208,ZW1802
15,ZW180215,ZW1802
21,ZW180221,ZW1802
14,ZW180214,ZW1802
26,ZW180226,ZW1802
7,ZW180207,ZW1802
8,ZW182208,ZW1822
5,ZW182205,ZW1822
7,ZW182207,ZW1822
6,ZW182206,ZW1822
2,ZW182202,ZW1822
1,ZW182201,ZW1822
4,ZW182204,ZW1822
3,ZW182203,ZW1822
17,ZW170117,ZW1701
1,ZW170101,ZW1701
18,ZW170118,ZW1701
11,ZW170111,ZW1701
2,ZW170102,ZW1701
6,ZW170106,ZW1701
21,ZW170121,ZW1701
9,ZW170109,ZW1701
5,ZW170105,ZW1701
4,ZW170104,ZW1701
10,ZW170110,ZW1701
3,ZW170103,ZW1701
7,ZW170107,ZW1701
23,ZW170123,ZW1701
25,ZW170125,ZW1701
24,ZW170124,ZW1701
14,ZW170114,ZW1701
8,ZW170108,ZW1701
19,ZW170119,ZW1701
16,ZW170116,ZW1701
13,ZW170113,ZW1701
12,ZW170112,ZW1701
22,ZW170122,ZW1701
15,ZW170115,ZW1701
20,ZW170120,ZW1701
6,ZW192206,ZW1922
12,ZW192212,ZW1922
18,ZW192218,ZW1922
24,ZW192224,ZW1922
23,ZW192223,ZW1922
22,ZW192222,ZW1922
7,ZW192207,ZW1922
9,ZW192209,ZW1922
25,ZW192225,ZW1922
21,ZW192221,ZW1922
4,ZW192204,ZW1922
5,ZW192205,ZW1922
3,ZW192203,ZW1922
2,ZW192202,ZW1922
1,ZW192201,ZW1922
8,ZW192208,ZW1922
10,ZW192210,ZW1922
11,ZW192211,ZW1922
13,ZW192213,ZW1922
14,ZW192214,ZW1922
15,ZW192215,ZW1922
16,ZW192216,ZW1922
19,ZW192219,ZW1922
20,ZW192220,ZW1922
17,ZW192217,ZW1922
17,ZW180317,ZW1803
14,ZW180314,ZW1803
31,ZW180331,ZW1803
15,ZW180315,ZW1803
18,ZW180318,ZW1803
25,ZW180325,ZW1803
28,ZW180328,ZW1803
26,ZW180326,ZW1803
24,ZW180324,ZW1803
22,ZW180322,ZW1803
20,ZW180320,ZW1803
23,ZW180323,ZW1803
19,ZW180319,ZW1803
21,ZW180321,ZW1803
13,ZW180313,ZW1803
16,ZW180316,ZW1803
10,ZW180310,ZW1803
5,ZW180305,ZW1803
4,ZW180304,ZW1803
7,ZW180307,ZW1803
6,ZW180306,ZW1803
9,ZW180309,ZW1803
12,ZW180312,ZW1803
11,ZW180311,ZW1803
30,ZW180330,ZW1803
3,ZW180303,ZW1803
2,ZW180302,ZW1803
1,ZW180301,ZW1803
29,ZW180329,ZW1803
27,ZW180327,ZW1803
8,ZW180308,ZW1803
32,ZW180332,ZW1803
7,ZW192307,ZW1923
4,ZW192304,ZW1923
2,ZW192302,ZW1923
5,ZW192305,ZW1923
3,ZW192303,ZW1923
6,ZW192306,ZW1923
1,ZW192301,ZW1923
2,ZW170202,ZW1702
4,ZW170204,ZW1702
22,ZW170222,ZW1702
14,ZW170214,ZW1702
15,ZW170215,ZW1702
5,ZW170205,ZW1702
3,ZW170203,ZW1702
19,ZW170219,ZW1702
17,ZW170217,ZW1702
26,ZW170226,ZW1702
29,ZW170229,ZW1702
30,ZW170230,ZW1702
1,ZW170201,ZW1702
7,ZW170207,ZW1702
33,ZW170233,ZW1702
13,ZW170213,ZW1702
24,ZW170224,ZW1702
34,ZW170234,ZW1702
9,ZW170209,ZW1702
12,ZW170212,ZW1702
11,ZW170211,ZW1702
10,ZW170210,ZW1702
25,ZW170225,ZW1702
8,ZW170208,ZW1702
18,ZW170218,ZW1702
20,ZW170220,ZW1702
23,ZW170223,ZW1702
21,ZW170221,ZW1702
32,ZW170232,ZW1702
16,ZW170216,ZW1702
6,ZW170206,ZW1702
28,ZW170228,ZW1702
27,ZW170227,ZW1702
31,ZW170231,ZW1702
35,ZW170235,ZW1702
36,ZW170236,ZW1702
2,ZW170302,ZW1703
26,ZW170326,ZW1703
5,ZW170305,ZW1703
20,ZW170320,ZW1703
28,ZW170328,ZW1703
30,ZW170330,ZW1703
25,ZW170325,ZW1703
27,ZW170327,ZW1703
9,ZW170309,ZW1703
24,ZW170324,ZW1703
15,ZW170315,ZW1703
16,ZW170316,ZW1703
4,ZW170304,ZW1703
22,ZW170322,ZW1703
1,ZW170301,ZW1703
21,ZW170321,ZW1703
29,ZW170329,ZW1703
3,ZW170303,ZW1703
13,ZW170313,ZW1703
33,ZW170333,ZW1703
23,ZW170323,ZW1703
8,ZW170308,ZW1703
7,ZW170307,ZW1703
10,ZW170310,ZW1703
11,ZW170311,ZW1703
17,ZW170317,ZW1703
32,ZW170332,ZW1703
31,ZW170331,ZW1703
18,ZW170318,ZW1703
12,ZW170312,ZW1703
14,ZW170314,ZW1703
19,ZW170319,ZW1703
6,ZW170306,ZW1703
6,ZW172906,ZW1729
3,ZW172903,ZW1729
1,ZW172901,ZW1729
5,ZW172905,ZW1729
4,ZW172904,ZW1729
2,ZW172902,ZW1729
2,ZW130202,ZW1302
1,ZW130201,ZW1302
4,ZW130204,ZW1302
5,ZW130205,ZW1302
10,ZW130210,ZW1302
6,ZW130206,ZW1302
11,ZW130211,ZW1302
15,ZW130215,ZW1302
22,ZW130222,ZW1302
24,ZW130224,ZW1302
23,ZW130223,ZW1302
21,ZW130221,ZW1302
7,ZW130207,ZW1302
9,ZW130209,ZW1302
12,ZW130212,ZW1302
18,ZW130218,ZW1302
17,ZW130217,ZW1302
8,ZW130208,ZW1302
13,ZW130213,ZW1302
16,ZW130216,ZW1302
14,ZW130214,ZW1302
25,ZW130225,ZW1302
19,ZW130219,ZW1302
20,ZW130220,ZW1302
3,ZW130203,ZW1302
24,ZW120324,ZW1203
16,ZW120316,ZW1203
21,ZW120321,ZW1203
3,ZW120303,ZW1203
4,ZW120304,ZW1203
2,ZW120302,ZW1203
18,ZW120318,ZW1203
14,ZW120314,ZW1203
1,ZW120301,ZW1203
12,ZW120312,ZW1203
15,ZW120315,ZW1203
7,ZW120307,ZW1203
22,ZW120322,ZW1203
17,ZW120317,ZW1203
13,ZW120313,ZW1203
5,ZW120305,ZW1203
6,ZW120306,ZW1203
10,ZW120310,ZW1203
11,ZW120311,ZW1203
8,ZW120308,ZW1203
9,ZW120309,ZW1203
20,ZW120320,ZW1203
19,ZW120319,ZW1203
23,ZW120323,ZW1203
3,ZW180403,ZW1804
9,ZW180409,ZW1804
16,ZW180416,ZW1804
32,ZW180432,ZW1804
12,ZW180412,ZW1804
6,ZW180406,ZW1804
7,ZW180407,ZW1804
5,ZW180405,ZW1804
1,ZW180401,ZW1804
31,ZW180431,ZW1804
30,ZW180430,ZW1804
11,ZW180411,ZW1804
15,ZW180415,ZW1804
25,ZW180425,ZW1804
26,ZW180426,ZW1804
28,ZW180428,ZW1804
35,ZW180435,ZW1804
38,ZW180438,ZW1804
22,ZW180422,ZW1804
40,ZW180440,ZW1804
8,ZW180408,ZW1804
34,ZW180434,ZW1804
14,ZW180414,ZW1804
17,ZW180417,ZW1804
36,ZW180436,ZW1804
33,ZW180433,ZW1804
18,ZW180418,ZW1804
20,ZW180420,ZW1804
37,ZW180437,ZW1804
27,ZW180427,ZW1804
24,ZW180424,ZW1804
23,ZW180423,ZW1804
29,ZW180429,ZW1804
41,ZW180441,ZW1804
21,ZW180421,ZW1804
19,ZW180419,ZW1804
42,ZW180442,ZW1804
13,ZW180413,ZW1804
10,ZW180410,ZW1804
4,ZW180404,ZW1804
2,ZW180402,ZW1804
39,ZW180439,ZW1804
15,ZW160415,ZW1604
23,ZW160423,ZW1604
14,ZW160414,ZW1604
18,ZW160418,ZW1604
17,ZW160417,ZW1604
16,ZW160416,ZW1604
20,ZW160420,ZW1604
24,ZW160424,ZW1604
11,ZW160411,ZW1604
4,ZW160404,ZW1604
2,ZW160402,ZW1604
21,ZW160421,ZW1604
1,ZW160401,ZW1604
10,ZW160410,ZW1604
8,ZW160408,ZW1604
22,ZW160422,ZW1604
13,ZW160413,ZW1604
9,ZW160409,ZW1604
3,ZW160403,ZW1604
5,ZW160405,ZW1604
6,ZW160406,ZW1604
7,ZW160407,ZW1604
12,ZW160412,ZW1604
19,ZW160419,ZW1604
10,ZW162110,ZW1621
2,ZW162102,ZW1621
4,ZW162104,ZW1621
5,ZW162105,ZW1621
3,ZW162103,ZW1621
9,ZW162109,ZW1621
8,ZW162108,ZW1621
1,ZW162101,ZW1621
7,ZW162107,ZW1621
6,ZW162106,ZW1621
15,ZW170415,ZW1704
16,ZW170416,ZW1704
18,ZW170418,ZW1704
17,ZW170417,ZW1704
1,ZW170401,ZW1704
19,ZW170419,ZW1704
9,ZW170409,ZW1704
12,ZW170412,ZW1704
11,ZW170411,ZW1704
4,ZW170404,ZW1704
7,ZW170407,ZW1704
6,ZW170406,ZW1704
8,ZW170408,ZW1704
3,ZW170403,ZW1704
13,ZW170413,ZW1704
14,ZW170414,ZW1704
10,ZW170410,ZW1704
2,ZW170402,ZW1704
5,ZW170405,ZW1704
5,ZW172105,ZW1721
4,ZW172104,ZW1721
15,ZW172115,ZW1721
8,ZW172108,ZW1721
16,ZW172116,ZW1721
14,ZW172114,ZW1721
3,ZW172103,ZW1721
2,ZW172102,ZW1721
17,ZW172117,ZW1721
6,ZW172106,ZW1721
7,ZW172107,ZW1721
1,ZW172101,ZW1721
18,ZW172118,ZW1721
9,ZW172109,ZW1721
11,ZW172111,ZW1721
12,ZW172112,ZW1721
13,ZW172113,ZW1721
10,ZW172110,ZW1721
21,ZW192121,ZW1921
20,ZW192120,ZW1921
46,ZW192146,ZW1921
22,ZW192122,ZW1921
9,ZW192109,ZW1921
11,ZW192111,ZW1921
13,ZW192113,ZW1921
18,ZW192118,ZW1921
33,ZW192133,ZW1921
44,ZW192144,ZW1921
28,ZW192128,ZW1921
36,ZW192136,ZW1921
35,ZW192135,ZW1921
42,ZW192142,ZW1921
41,ZW192141,ZW1921
17,ZW192117,ZW1921
30,ZW192130,ZW1921
32,ZW192132,ZW1921
8,ZW192108,ZW1921
7,ZW192107,ZW1921
34,ZW192134,ZW1921
26,ZW192126,ZW1921
43,ZW192143,ZW1921
16,ZW192116,ZW1921
40,ZW192140,ZW1921
39,ZW192139,ZW1921
45,ZW192145,ZW1921
37,ZW192137,ZW1921
15,ZW192115,ZW1921
38,ZW192138,ZW1921
24,ZW192124,ZW1921
25,ZW192125,ZW1921
31,ZW192131,ZW1921
27,ZW192127,ZW1921
29,ZW192129,ZW1921
3,ZW192103,ZW1921
12,ZW192112,ZW1921
23,ZW192123,ZW1921
2,ZW192102,ZW1921
5,ZW192105,ZW1921
14,ZW192114,ZW1921
6,ZW192106,ZW1921
10,ZW192110,ZW1921
4,ZW192104,ZW1921
19,ZW192119,ZW1921
1,ZW192401,ZW1924
21,ZW140221,ZW1402
3,ZW140203,ZW1402
5,ZW140205,ZW1402
7,ZW140207,ZW1402
8,ZW140208,ZW1402
4,ZW140204,ZW1402
2,ZW140202,ZW1402
12,ZW140212,ZW1402
14,ZW140214,ZW1402
17,ZW140217,ZW1402
15,ZW140215,ZW1402
10,ZW140210,ZW1402
18,ZW140218,ZW1402
11,ZW140211,ZW1402
19,ZW140219,ZW1402
6,ZW140206,ZW1402
26,ZW140226,ZW1402
23,ZW140223,ZW1402
16,ZW140216,ZW1402
24,ZW140224,ZW1402
25,ZW140225,ZW1402
22,ZW140222,ZW1402
1,ZW140201,ZW1402
9,ZW140209,ZW1402
20,ZW140220,ZW1402
13,ZW140213,ZW1402
18,ZW150318,ZW1503
1,ZW150301,ZW1503
19,ZW150319,ZW1503
17,ZW150317,ZW1503
11,ZW150311,ZW1503
16,ZW150316,ZW1503
9,ZW150309,ZW1503
6,ZW150306,ZW1503
4,ZW150304,ZW1503
13,ZW150313,ZW1503
20,ZW150320,ZW1503
3,ZW150303,ZW1503
2,ZW150302,ZW1503
5,ZW150305,ZW1503
12,ZW150312,ZW1503
14,ZW150314,ZW1503
7,ZW150307,ZW1503
8,ZW150308,ZW1503
10,ZW150310,ZW1503
15,ZW150315,ZW1503
1,ZW152101,ZW1521
3,ZW152103,ZW1521
6,ZW152106,ZW1521
11,ZW152111,ZW1521
13,ZW152113,ZW1521
14,ZW152114,ZW1521
12,ZW152112,ZW1521
5,ZW152105,ZW1521
7,ZW152107,ZW1521
15,ZW152115,ZW1521
10,ZW152110,ZW1521
8,ZW152108,ZW1521
9,ZW152109,ZW1521
4,ZW152104,ZW1521
2,ZW152102,ZW1521
12,ZW130312,ZW1303
14,ZW130314,ZW1303
13,ZW130313,ZW1303
1,ZW130301,ZW1303
3,ZW130303,ZW1303
2,ZW130302,ZW1303
15,ZW130315,ZW1303
9,ZW130309,ZW1303
4,ZW130304,ZW1303
8,ZW130308,ZW1303
7,ZW130307,ZW1303
11,ZW130311,ZW1303
6,ZW130306,ZW1303
5,ZW130305,ZW1303
10,ZW130310,ZW1303
20,ZW160520,ZW1605
19,ZW160519,ZW1605
15,ZW160515,ZW1605
10,ZW160510,ZW1605
21,ZW160521,ZW1605
9,ZW160509,ZW1605
11,ZW160511,ZW1605
6,ZW160506,ZW1605
3,ZW160503,ZW1605
5,ZW160505,ZW1605
12,ZW160512,ZW1605
4,ZW160504,ZW1605
2,ZW160502,ZW1605
17,ZW160517,ZW1605
16,ZW160516,ZW1605
1,ZW160501,ZW1605
8,ZW160508,ZW1605
22,ZW160522,ZW1605
14,ZW160514,ZW1605
18,ZW160518,ZW1605
7,ZW160507,ZW1605
13,ZW160513,ZW1605
23,ZW160523,ZW1605
11,ZW140311,ZW1403
17,ZW140317,ZW1403
15,ZW140315,ZW1403
16,ZW140316,ZW1403
1,ZW140301,ZW1403
14,ZW140314,ZW1403
9,ZW140309,ZW1403
7,ZW140307,ZW1403
3,ZW140303,ZW1403
12,ZW140312,ZW1403
10,ZW140310,ZW1403
13,ZW140313,ZW1403
8,ZW140308,ZW1403
5,ZW140305,ZW1403
2,ZW140302,ZW1403
6,ZW140306,ZW1403
4,ZW140304,ZW1403
12,ZW140412,ZW1404
10,ZW140410,ZW1404
7,ZW140407,ZW1404
6,ZW140406,ZW1404
4,ZW140404,ZW1404
9,ZW140409,ZW1404
2,ZW140402,ZW1404
8,ZW140408,ZW1404
3,ZW140403,ZW1404
5,ZW140405,ZW1404
1,ZW140401,ZW1404
11,ZW140411,ZW1404
6,ZW142406,ZW1424
5,ZW142405,ZW1424
2,ZW142402,ZW1424
1,ZW142401,ZW1424
3,ZW142403,ZW1424
9,ZW142409,ZW1424
8,ZW142408,ZW1424
7,ZW142407,ZW1424
4,ZW142404,ZW1424
10,ZW142610,ZW1426
9,ZW142609,ZW1426
8,ZW142608,ZW1426
7,ZW142607,ZW1426
5,ZW142605,ZW1426
3,ZW142603,ZW1426
2,ZW142602,ZW1426
6,ZW142606,ZW1426
4,ZW142604,ZW1426
1,ZW142601,ZW1426
3,ZW170503,ZW1705
9,ZW170509,ZW1705
4,ZW170504,ZW1705
31,ZW170531,ZW1705
8,ZW170508,ZW1705
6,ZW170506,ZW1705
30,ZW170530,ZW1705
32,ZW170532,ZW1705
12,ZW170512,ZW1705
13,ZW170513,ZW1705
10,ZW170510,ZW1705
5,ZW170505,ZW1705
15,ZW170515,ZW1705
11,ZW170511,ZW1705
21,ZW170521,ZW1705
22,ZW170522,ZW1705
26,ZW170526,ZW1705
29,ZW170529,ZW1705
18,ZW170518,ZW1705
20,ZW170520,ZW1705
19,ZW170519,ZW1705
28,ZW170528,ZW1705
27,ZW170527,ZW1705
25,ZW170525,ZW1705
23,ZW170523,ZW1705
33,ZW170533,ZW1705
2,ZW170502,ZW1705
24,ZW170524,ZW1705
17,ZW170517,ZW1705
14,ZW170514,ZW1705
7,ZW170507,ZW1705
16,ZW170516,ZW1705
1,ZW170501,ZW1705
12,ZW172212,ZW1722
14,ZW172214,ZW1722
13,ZW172213,ZW1722
7,ZW172207,ZW1722
9,ZW172209,ZW1722
4,ZW172204,ZW1722
3,ZW172203,ZW1722
11,ZW172211,ZW1722
2,ZW172202,ZW1722
8,ZW172208,ZW1722
6,ZW172206,ZW1722
5,ZW172205,ZW1722
10,ZW172210,ZW1722
1,ZW172201,ZW1722
28,ZW150428,ZW1504
9,ZW150409,ZW1504
5,ZW150405,ZW1504
24,ZW150424,ZW1504
8,ZW150408,ZW1504
13,ZW150413,ZW1504
1,ZW150401,ZW1504
14,ZW150414,ZW1504
15,ZW150415,ZW1504
16,ZW150416,ZW1504
17,ZW150417,ZW1504
25,ZW150425,ZW1504
7,ZW150407,ZW1504
20,ZW150420,ZW1504
18,ZW150418,ZW1504
26,ZW150426,ZW1504
23,ZW150423,ZW1504
21,ZW150421,ZW1504
22,ZW150422,ZW1504
10,ZW150410,ZW1504
3,ZW150403,ZW1504
2,ZW150402,ZW1504
4,ZW150404,ZW1504
11,ZW150411,ZW1504
6,ZW150406,ZW1504
12,ZW150412,ZW1504
27,ZW150427,ZW1504
19,ZW150419,ZW1504
2,ZW140502,ZW1405
1,ZW140501,ZW1405
18,ZW140518,ZW1405
10,ZW140510,ZW1405
16,ZW140516,ZW1405
8,ZW140508,ZW1405
9,ZW140509,ZW1405
6,ZW140506,ZW1405
13,ZW140513,ZW1405
4,ZW140504,ZW1405
11,ZW140511,ZW1405
17,ZW140517,ZW1405
12,ZW140512,ZW1405
14,ZW140514,ZW1405
15,ZW140515,ZW1405
5,ZW140505,ZW1405
7,ZW140507,ZW1405
19,ZW140519,ZW1405
3,ZW140503,ZW1405
33,ZW110433,ZW1104
31,ZW110431,ZW1104
39,ZW110439,ZW1104
25,ZW110425,ZW1104
37,ZW110437,ZW1104
21,ZW110421,ZW1104
19,ZW110419,ZW1104
15,ZW110415,ZW1104
20,ZW110420,ZW1104
28,ZW110428,ZW1104
12,ZW110412,ZW1104
38,ZW110438,ZW1104
4,ZW110404,ZW1104
2,ZW110402,ZW1104
26,ZW110426,ZW1104
14,ZW110414,ZW1104
24,ZW110424,ZW1104
1,ZW110401,ZW1104
5,ZW110405,ZW1104
3,ZW110403,ZW1104
7,ZW110407,ZW1104
9,ZW110409,ZW1104
8,ZW110408,ZW1104
11,ZW110411,ZW1104
16,ZW110416,ZW1104
30,ZW110430,ZW1104
17,ZW110417,ZW1104
23,ZW110423,ZW1104
22,ZW110422,ZW1104
18,ZW110418,ZW1104
29,ZW110429,ZW1104
27,ZW110427,ZW1104
35,ZW110435,ZW1104
36,ZW110436,ZW1104
6,ZW110406,ZW1104
10,ZW110410,ZW1104
32,ZW110432,ZW1104
34,ZW110434,ZW1104
13,ZW110413,ZW1104
17,ZW160317,ZW1603
10,ZW160310,ZW1603
11,ZW160311,ZW1603
15,ZW160315,ZW1603
7,ZW160307,ZW1603
5,ZW160305,ZW1603
12,ZW160312,ZW1603
1,ZW160301,ZW1603
14,ZW160314,ZW1603
3,ZW160303,ZW1603
4,ZW160304,ZW1603
8,ZW160308,ZW1603
2,ZW160302,ZW1603
9,ZW160309,ZW1603
6,ZW160306,ZW1603
16,ZW160316,ZW1603
13,ZW160313,ZW1603
8,ZW130408,ZW1304
7,ZW130407,ZW1304
9,ZW130409,ZW1304
12,ZW130412,ZW1304
10,ZW130410,ZW1304
5,ZW130405,ZW1304
19,ZW130419,ZW1304
20,ZW130420,ZW1304
3,ZW130403,ZW1304
1,ZW130401,ZW1304
14,ZW130414,ZW1304
15,ZW130415,ZW1304
16,ZW130416,ZW1304
17,ZW130417,ZW1304
22,ZW130422,ZW1304
21,ZW130421,ZW1304
23,ZW130423,ZW1304
2,ZW130402,ZW1304
4,ZW130404,ZW1304
18,ZW130418,ZW1304
13,ZW130413,ZW1304
6,ZW130406,ZW1304
11,ZW130411,ZW1304
6,ZW132106,ZW1321
8,ZW132108,ZW1321
1,ZW132101,ZW1321
2,ZW132102,ZW1321
9,ZW132109,ZW1321
12,ZW132112,ZW1321
11,ZW132111,ZW1321
4,ZW132104,ZW1321
5,ZW132105,ZW1321
7,ZW132107,ZW1321
3,ZW132103,ZW1321
10,ZW132110,ZW1321
19,ZW180519,ZW1805
12,ZW180512,ZW1805
22,ZW180522,ZW1805
21,ZW180521,ZW1805
11,ZW180511,ZW1805
23,ZW180523,ZW1805
25,ZW180525,ZW1805
31,ZW180531,ZW1805
24,ZW180524,ZW1805
6,ZW180506,ZW1805
7,ZW180507,ZW1805
35,ZW180535,ZW1805
14,ZW180514,ZW1805
16,ZW180516,ZW1805
15,ZW180515,ZW1805
8,ZW180508,ZW1805
34,ZW180534,ZW1805
26,ZW180526,ZW1805
29,ZW180529,ZW1805
27,ZW180527,ZW1805
10,ZW180510,ZW1805
5,ZW180505,ZW1805
9,ZW180509,ZW1805
4,ZW180504,ZW1805
17,ZW180517,ZW1805
20,ZW180520,ZW1805
18,ZW180518,ZW1805
2,ZW180502,ZW1805
1,ZW180501,ZW1805
32,ZW180532,ZW1805
13,ZW180513,ZW1805
30,ZW180530,ZW1805
28,ZW180528,ZW1805
33,ZW180533,ZW1805
3,ZW180503,ZW1805
10,ZW182110,ZW1821
9,ZW182109,ZW1821
8,ZW182108,ZW1821
5,ZW182105,ZW1821
3,ZW182103,ZW1821
6,ZW182106,ZW1821
1,ZW182101,ZW1821
4,ZW182104,ZW1821
7,ZW182107,ZW1821
2,ZW182102,ZW1821
4,ZW160604,ZW1606
2,ZW160602,ZW1606
25,ZW160625,ZW1606
15,ZW160615,ZW1606
23,ZW160623,ZW1606
22,ZW160622,ZW1606
5,ZW160605,ZW1606
19,ZW160619,ZW1606
1,ZW160601,ZW1606
16,ZW160616,ZW1606
17,ZW160617,ZW1606
13,ZW160613,ZW1606
21,ZW160621,ZW1606
14,ZW160614,ZW1606
26,ZW160626,ZW1606
7,ZW160607,ZW1606
6,ZW160606,ZW1606
12,ZW160612,ZW1606
11,ZW160611,ZW1606
9,ZW160609,ZW1606
8,ZW160608,ZW1606
18,ZW160618,ZW1606
3,ZW160603,ZW1606
10,ZW160610,ZW1606
20,ZW160620,ZW1606
24,ZW160624,ZW1606
19,ZW120419,ZW1204
34,ZW120434,ZW1204
23,ZW120423,ZW1204
26,ZW120426,ZW1204
29,ZW120429,ZW1204
30,ZW120430,ZW1204
24,ZW120424,ZW1204
31,ZW120431,ZW1204
14,ZW120414,ZW1204
18,ZW120418,ZW1204
32,ZW120432,ZW1204
15,ZW120415,ZW1204
20,ZW120420,ZW1204
6,ZW120406,ZW1204
7,ZW120407,ZW1204
1,ZW120401,ZW1204
3,ZW120403,ZW1204
2,ZW120402,ZW1204
16,ZW120416,ZW1204
4,ZW120404,ZW1204
5,ZW120405,ZW1204
27,ZW120427,ZW1204
8,ZW120408,ZW1204
10,ZW120410,ZW1204
9,ZW120409,ZW1204
25,ZW120425,ZW1204
13,ZW120413,ZW1204
12,ZW120412,ZW1204
11,ZW120411,ZW1204
22,ZW120422,ZW1204
35,ZW120435,ZW1204
21,ZW120421,ZW1204
33,ZW120433,ZW1204
17,ZW120417,ZW1204
36,ZW170636,ZW1706
2,ZW170602,ZW1706
34,ZW170634,ZW1706
30,ZW170630,ZW1706
31,ZW170631,ZW1706
1,ZW170601,ZW1706
8,ZW170608,ZW1706
16,ZW170616,ZW1706
27,ZW170627,ZW1706
32,ZW170632,ZW1706
13,ZW170613,ZW1706
6,ZW170606,ZW1706
5,ZW170605,ZW1706
35,ZW170635,ZW1706
28,ZW170628,ZW1706
26,ZW170626,ZW1706
22,ZW170622,ZW1706
24,ZW170624,ZW1706
3,ZW170603,ZW1706
17,ZW170617,ZW1706
18,ZW170618,ZW1706
33,ZW170633,ZW1706
29,ZW170629,ZW1706
15,ZW170615,ZW1706
14,ZW170614,ZW1706
23,ZW170623,ZW1706
19,ZW170619,ZW1706
20,ZW170620,ZW1706
4,ZW170604,ZW1706
7,ZW170607,ZW1706
9,ZW170609,ZW1706
10,ZW170610,ZW1706
21,ZW170621,ZW1706
11,ZW170611,ZW1706
37,ZW170637,ZW1706
25,ZW170625,ZW1706
12,ZW170612,ZW1706
12,ZW120812,ZW1208
2,ZW120802,ZW1208
3,ZW120803,ZW1208
9,ZW120809,ZW1208
17,ZW120817,ZW1208
16,ZW120816,ZW1208
5,ZW120805,ZW1208
13,ZW120813,ZW1208
14,ZW120814,ZW1208
10,ZW120810,ZW1208
8,ZW120808,ZW1208
7,ZW120807,ZW1208
6,ZW120806,ZW1208
15,ZW120815,ZW1208
4,ZW120804,ZW1208
1,ZW120801,ZW1208
11,ZW120811,ZW1208
15,ZW142715,ZW1427
10,ZW142710,ZW1427
12,ZW142712,ZW1427
1,ZW142701,ZW1427
4,ZW142704,ZW1427
3,ZW142703,ZW1427
11,ZW142711,ZW1427
5,ZW142705,ZW1427
2,ZW142702,ZW1427
8,ZW142708,ZW1427
6,ZW142706,ZW1427
7,ZW142707,ZW1427
9,ZW142709,ZW1427
14,ZW142714,ZW1427
13,ZW142713,ZW1427
16,ZW142716,ZW1427
9,ZW120509,ZW1205
17,ZW120517,ZW1205
18,ZW120518,ZW1205
38,ZW120538,ZW1205
37,ZW120537,ZW1205
10,ZW120510,ZW1205
15,ZW120515,ZW1205
30,ZW120530,ZW1205
12,ZW120512,ZW1205
19,ZW120519,ZW1205
36,ZW120536,ZW1205
2,ZW120502,ZW1205
3,ZW120503,ZW1205
13,ZW120513,ZW1205
14,ZW120514,ZW1205
20,ZW120520,ZW1205
29,ZW120529,ZW1205
27,ZW120527,ZW1205
24,ZW120524,ZW1205
26,ZW120526,ZW1205
25,ZW120525,ZW1205
28,ZW120528,ZW1205
21,ZW120521,ZW1205
23,ZW120523,ZW1205
16,ZW120516,ZW1205
39,ZW120539,ZW1205
40,ZW120540,ZW1205
22,ZW120522,ZW1205
33,ZW120533,ZW1205
11,ZW120511,ZW1205
4,ZW120504,ZW1205
5,ZW120505,ZW1205
32,ZW120532,ZW1205
34,ZW120534,ZW1205
31,ZW120531,ZW1205
6,ZW120506,ZW1205
8,ZW120508,ZW1205
7,ZW120507,ZW1205
35,ZW120535,ZW1205
1,ZW120501,ZW1205
11,ZW130511,ZW1305
17,ZW130517,ZW1305
10,ZW130510,ZW1305
2,ZW130502,ZW1305
9,ZW130509,ZW1305
3,ZW130503,ZW1305
14,ZW130514,ZW1305
15,ZW130515,ZW1305
18,ZW130518,ZW1305
13,ZW130513,ZW1305
4,ZW130504,ZW1305
5,ZW130505,ZW1305
6,ZW130506,ZW1305
12,ZW130512,ZW1305
8,ZW130508,ZW1305
7,ZW130507,ZW1305
16,ZW130516,ZW1305
1,ZW130501,ZW1305
22,ZW130622,ZW1306
23,ZW130623,ZW1306
24,ZW130624,ZW1306
17,ZW130617,ZW1306
21,ZW130621,ZW1306
4,ZW130604,ZW1306
3,ZW130603,ZW1306
5,ZW130605,ZW1306
6,ZW130606,ZW1306
10,ZW130610,ZW1306
18,ZW130618,ZW1306
12,ZW130612,ZW1306
7,ZW130607,ZW1306
19,ZW130619,ZW1306
30,ZW130630,ZW1306
8,ZW130608,ZW1306
20,ZW130620,ZW1306
9,ZW130609,ZW1306
11,ZW130611,ZW1306
16,ZW130616,ZW1306
14,ZW130614,ZW1306
15,ZW130615,ZW1306
28,ZW130628,ZW1306
13,ZW130613,ZW1306
27,ZW130627,ZW1306
25,ZW130625,ZW1306
26,ZW130626,ZW1306
29,ZW130629,ZW1306
1,ZW130601,ZW1306
2,ZW130602,ZW1306
29,ZW110529,ZW1105
22,ZW110522,ZW1105
24,ZW110524,ZW1105
30,ZW110530,ZW1105
28,ZW110528,ZW1105
34,ZW110534,ZW1105
3,ZW110503,ZW1105
31,ZW110531,ZW1105
2,ZW110502,ZW1105
1,ZW110501,ZW1105
35,ZW110535,ZW1105
5,ZW110505,ZW1105
33,ZW110533,ZW1105
10,ZW110510,ZW1105
11,ZW110511,ZW1105
12,ZW110512,ZW1105
16,ZW110516,ZW1105
23,ZW110523,ZW1105
13,ZW110513,ZW1105
20,ZW110520,ZW1105
17,ZW110517,ZW1105
18,ZW110518,ZW1105
36,ZW110536,ZW1105
26,ZW110526,ZW1105
27,ZW110527,ZW1105
4,ZW110504,ZW1105
8,ZW110508,ZW1105
32,ZW110532,ZW1105
15,ZW110515,ZW1105
14,ZW110514,ZW1105
21,ZW110521,ZW1105
6,ZW110506,ZW1105
7,ZW110507,ZW1105
25,ZW110525,ZW1105
9,ZW110509,ZW1105
19,ZW110519,ZW1105
11,ZW112111,ZW1121
5,ZW112105,ZW1121
1,ZW112101,ZW1121
16,ZW112116,ZW1121
14,ZW112114,ZW1121
13,ZW112113,ZW1121
12,ZW112112,ZW1121
15,ZW112115,ZW1121
3,ZW112103,ZW1121
2,ZW112102,ZW1121
4,ZW112104,ZW1121
8,ZW112108,ZW1121
9,ZW112109,ZW1121
18,ZW112118,ZW1121
10,ZW112110,ZW1121
19,ZW112119,ZW1121
7,ZW112107,ZW1121
6,ZW112106,ZW1121
17,ZW112117,ZW1121
12,ZW110612,ZW1106
14,ZW110614,ZW1106
13,ZW110613,ZW1106
11,ZW110611,ZW1106
9,ZW110609,ZW1106
19,ZW110619,ZW1106
27,ZW110627,ZW1106
8,ZW110608,ZW1106
16,ZW110616,ZW1106
15,ZW110615,ZW1106
17,ZW110617,ZW1106
10,ZW110610,ZW1106
18,ZW110618,ZW1106
26,ZW110626,ZW1106
20,ZW110620,ZW1106
24,ZW110624,ZW1106
23,ZW110623,ZW1106
21,ZW110621,ZW1106
25,ZW110625,ZW1106
22,ZW110622,ZW1106
4,ZW110604,ZW1106
6,ZW110606,ZW1106
5,ZW110605,ZW1106
30,ZW110630,ZW1106
28,ZW110628,ZW1106
31,ZW110631,ZW1106
7,ZW110607,ZW1106
2,ZW110602,ZW1106
1,ZW110601,ZW1106
3,ZW110603,ZW1106
29,ZW110629,ZW1106
19,ZW130719,ZW1307
24,ZW130724,ZW1307
26,ZW130726,ZW1307
25,ZW130725,ZW1307
1,ZW130701,ZW1307
8,ZW130708,ZW1307
13,ZW130713,ZW1307
14,ZW130714,ZW1307
16,ZW130716,ZW1307
15,ZW130715,ZW1307
5,ZW130705,ZW1307
12,ZW130712,ZW1307
18,ZW130718,ZW1307
11,ZW130711,ZW1307
10,ZW130710,ZW1307
17,ZW130717,ZW1307
23,ZW130723,ZW1307
29,ZW130729,ZW1307
7,ZW130707,ZW1307
2,ZW130702,ZW1307
9,ZW130709,ZW1307
6,ZW130706,ZW1307
27,ZW130727,ZW1307
20,ZW130720,ZW1307
21,ZW130721,ZW1307
3,ZW130703,ZW1307
4,ZW130704,ZW1307
28,ZW130728,ZW1307
22,ZW130722,ZW1307
28,ZW120928,ZW1209
16,ZW180616,ZW1806
13,ZW180613,ZW1806
18,ZW180618,ZW1806
14,ZW180614,ZW1806
2,ZW180602,ZW1806
6,ZW180606,ZW1806
5,ZW180605,ZW1806
1,ZW180601,ZW1806
9,ZW180609,ZW1806
11,ZW180611,ZW1806
17,ZW180617,ZW1806
3,ZW180603,ZW1806
7,ZW180607,ZW1806
8,ZW180608,ZW1806
10,ZW180610,ZW1806
15,ZW180615,ZW1806
12,ZW180612,ZW1806
4,ZW180604,ZW1806
16,ZW150516,ZW1505
27,ZW150527,ZW1505
23,ZW150523,ZW1505
15,ZW150515,ZW1505
7,ZW150507,ZW1505
26,ZW150526,ZW1505
14,ZW150514,ZW1505
8,ZW150508,ZW1505
12,ZW150512,ZW1505
13,ZW150513,ZW1505
25,ZW150525,ZW1505
24,ZW150524,ZW1505
10,ZW150510,ZW1505
11,ZW150511,ZW1505
2,ZW150502,ZW1505
1,ZW150501,ZW1505
4,ZW150504,ZW1505
3,ZW150503,ZW1505
6,ZW150506,ZW1505
22,ZW150522,ZW1505
30,ZW150530,ZW1505
19,ZW150519,ZW1505
18,ZW150518,ZW1505
29,ZW150529,ZW1505
20,ZW150520,ZW1505
17,ZW150517,ZW1505
5,ZW150505,ZW1505
9,ZW150509,ZW1505
28,ZW150528,ZW1505
21,ZW150521,ZW1505
12,ZW142512,ZW1425
10,ZW142510,ZW1425
5,ZW142505,ZW1425
8,ZW142508,ZW1425
7,ZW142507,ZW1425
13,ZW142513,ZW1425
9,ZW142509,ZW1425
1,ZW142501,ZW1425
3,ZW142503,ZW1425
11,ZW142511,ZW1425
2,ZW142502,ZW1425
6,ZW142506,ZW1425
4,ZW142504,ZW1425
26,ZW110726,ZW1107
3,ZW110703,ZW1107
5,ZW110705,ZW1107
15,ZW110715,ZW1107
23,ZW110723,ZW1107
6,ZW110706,ZW1107
10,ZW110710,ZW1107
7,ZW110707,ZW1107
9,ZW110709,ZW1107
11,ZW110711,ZW1107
12,ZW110712,ZW1107
8,ZW110708,ZW1107
20,ZW110720,ZW1107
16,ZW110716,ZW1107
22,ZW110722,ZW1107
27,ZW110727,ZW1107
28,ZW110728,ZW1107
31,ZW110731,ZW1107
21,ZW110721,ZW1107
25,ZW110725,ZW1107
29,ZW110729,ZW1107
24,ZW110724,ZW1107
18,ZW110718,ZW1107
17,ZW110717,ZW1107
30,ZW110730,ZW1107
2,ZW110702,ZW1107
1,ZW110701,ZW1107
13,ZW110713,ZW1107
14,ZW110714,ZW1107
4,ZW110704,ZW1107
19,ZW110719,ZW1107
5,ZW162305,ZW1623
1,ZW162301,ZW1623
6,ZW162306,ZW1623
4,ZW162304,ZW1623
2,ZW162302,ZW1623
3,ZW162303,ZW1623
4,ZW172304,ZW1723
8,ZW172308,ZW1723
3,ZW172303,ZW1723
1,ZW172301,ZW1723
2,ZW172302,ZW1723
6,ZW172306,ZW1723
7,ZW172307,ZW1723
9,ZW172309,ZW1723
5,ZW172305,ZW1723
6,ZW112206,ZW1122
5,ZW112205,ZW1122
2,ZW112202,ZW1122
3,ZW112203,ZW1122
10,ZW112210,ZW1122
9,ZW112209,ZW1122
8,ZW112208,ZW1122
4,ZW112204,ZW1122
1,ZW112201,ZW1122
7,ZW112207,ZW1122
2,ZW120602,ZW1206
8,ZW120608,ZW1206
9,ZW120609,ZW1206
11,ZW120611,ZW1206
10,ZW120610,ZW1206
17,ZW120617,ZW1206
7,ZW120607,ZW1206
22,ZW120622,ZW1206
6,ZW120606,ZW1206
20,ZW120620,ZW1206
1,ZW120601,ZW1206
18,ZW120618,ZW1206
15,ZW120615,ZW1206
12,ZW120612,ZW1206
19,ZW120619,ZW1206
5,ZW120605,ZW1206
4,ZW120604,ZW1206
25,ZW120625,ZW1206
21,ZW120621,ZW1206
16,ZW120616,ZW1206
14,ZW120614,ZW1206
23,ZW120623,ZW1206
3,ZW120603,ZW1206
13,ZW120613,ZW1206
24,ZW120624,ZW1206
8,ZW132608,ZW1326
1,ZW132601,ZW1326
2,ZW132602,ZW1326
7,ZW132607,ZW1326
9,ZW132609,ZW1326
5,ZW132605,ZW1326
3,ZW132603,ZW1326
4,ZW132604,ZW1326
6,ZW132606,ZW1326
16,ZW142816,ZW1428
1,ZW142801,ZW1428
2,ZW142802,ZW1428
12,ZW142812,ZW1428
10,ZW142810,ZW1428
7,ZW142807,ZW1428
8,ZW142808,ZW1428
6,ZW142806,ZW1428
9,ZW142809,ZW1428
3,ZW142803,ZW1428
5,ZW142805,ZW1428
11,ZW142811,ZW1428
18,ZW142818,ZW1428
15,ZW142815,ZW1428
17,ZW142817,ZW1428
14,ZW142814,ZW1428
13,ZW142813,ZW1428
4,ZW142804,ZW1428
13,ZW130813,ZW1308
14,ZW130814,ZW1308
12,ZW130812,ZW1308
20,ZW130820,ZW1308
15,ZW130815,ZW1308
19,ZW130819,ZW1308
18,ZW130818,ZW1308
10,ZW130810,ZW1308
8,ZW130808,ZW1308
1,ZW130801,ZW1308
2,ZW130802,ZW1308
7,ZW130807,ZW1308
3,ZW130803,ZW1308
4,ZW130804,ZW1308
17,ZW130817,ZW1308
21,ZW130821,ZW1308
11,ZW130811,ZW1308
16,ZW130816,ZW1308
5,ZW130805,ZW1308
6,ZW130806,ZW1308
9,ZW130809,ZW1308
16,ZW120716,ZW1207
19,ZW120719,ZW1207
13,ZW120713,ZW1207
12,ZW120712,ZW1207
27,ZW120727,ZW1207
29,ZW120729,ZW1207
22,ZW120722,ZW1207
21,ZW120721,ZW1207
3,ZW120703,ZW1207
2,ZW120702,ZW1207
4,ZW120704,ZW1207
5,ZW120705,ZW1207
1,ZW120701,ZW1207
25,ZW120725,ZW1207
26,ZW120726,ZW1207
10,ZW120710,ZW1207
8,ZW120708,ZW1207
14,ZW120714,ZW1207
23,ZW120723,ZW1207
28,ZW120728,ZW1207
9,ZW120709,ZW1207
15,ZW120715,ZW1207
11,ZW120711,ZW1207
18,ZW120718,ZW1207
20,ZW120720,ZW1207
17,ZW120717,ZW1207
6,ZW120706,ZW1207
7,ZW120707,ZW1207
24,ZW120724,ZW1207
17,ZW170717,ZW1707
1,ZW170701,ZW1707
16,ZW170716,ZW1707
5,ZW170705,ZW1707
14,ZW170714,ZW1707
18,ZW170718,ZW1707
15,ZW170715,ZW1707
19,ZW170719,ZW1707
20,ZW170720,ZW1707
10,ZW170710,ZW1707
8,ZW170708,ZW1707
13,ZW170713,ZW1707
3,ZW170703,ZW1707
23,ZW170723,ZW1707
7,ZW170707,ZW1707
21,ZW170721,ZW1707
11,ZW170711,ZW1707
12,ZW170712,ZW1707
24,ZW170724,ZW1707
4,ZW170704,ZW1707
6,ZW170706,ZW1707
22,ZW170722,ZW1707
9,ZW170709,ZW1707
2,ZW170702,ZW1707
11,ZW172811,ZW1728
5,ZW172805,ZW1728
10,ZW172810,ZW1728
6,ZW172806,ZW1728
7,ZW172807,ZW1728
13,ZW172813,ZW1728
4,ZW172804,ZW1728
8,ZW172808,ZW1728
9,ZW172809,ZW1728
2,ZW172802,ZW1728
12,ZW172812,ZW1728
1,ZW172801,ZW1728
3,ZW172803,ZW1728
8,ZW150608,ZW1506
1,ZW150601,ZW1506
7,ZW150607,ZW1506
10,ZW150610,ZW1506
9,ZW150609,ZW1506
3,ZW150603,ZW1506
11,ZW150611,ZW1506
22,ZW150622,ZW1506
6,ZW150606,ZW1506
16,ZW150616,ZW1506
14,ZW150614,ZW1506
12,ZW150612,ZW1506
21,ZW150621,ZW1506
18,ZW150618,ZW1506
20,ZW150620,ZW1506
19,ZW150619,ZW1506
13,ZW150613,ZW1506
17,ZW150617,ZW1506
15,ZW150615,ZW1506
4,ZW150604,ZW1506
5,ZW150605,ZW1506
2,ZW150602,ZW1506
18,ZW150718,ZW1507
10,ZW150710,ZW1507
13,ZW150713,ZW1507
16,ZW150716,ZW1507
9,ZW150709,ZW1507
12,ZW150712,ZW1507
17,ZW150717,ZW1507
1,ZW150701,ZW1507
8,ZW150708,ZW1507
7,ZW150707,ZW1507
6,ZW150706,ZW1507
2,ZW150702,ZW1507
5,ZW150705,ZW1507
4,ZW150704,ZW1507
19,ZW150719,ZW1507
3,ZW150703,ZW1507
11,ZW150711,ZW1507
14,ZW150714,ZW1507
15,ZW150715,ZW1507
9,ZW160709,ZW1607
20,ZW160720,ZW1607
6,ZW160706,ZW1607
8,ZW160708,ZW1607
11,ZW160711,ZW1607
7,ZW160707,ZW1607
13,ZW160713,ZW1607
10,ZW160710,ZW1607
12,ZW160712,ZW1607
16,ZW160716,ZW1607
17,ZW160717,ZW1607
15,ZW160715,ZW1607
3,ZW160703,ZW1607
5,ZW160705,ZW1607
4,ZW160704,ZW1607
2,ZW160702,ZW1607
19,ZW160719,ZW1607
14,ZW160714,ZW1607
1,ZW160701,ZW1607
18,ZW160718,ZW1607
17,ZW130917,ZW1309
16,ZW130916,ZW1309
10,ZW130910,ZW1309
13,ZW130913,ZW1309
2,ZW130902,ZW1309
1,ZW130901,ZW1309
5,ZW130905,ZW1309
11,ZW130911,ZW1309
12,ZW130912,ZW1309
14,ZW130914,ZW1309
15,ZW130915,ZW1309
8,ZW130908,ZW1309
7,ZW130907,ZW1309
9,ZW130909,ZW1309
6,ZW130906,ZW1309
4,ZW130904,ZW1309
3,ZW130903,ZW1309
11,ZW152211,ZW1522
4,ZW152204,ZW1522
5,ZW152205,ZW1522
10,ZW152210,ZW1522
3,ZW152203,ZW1522
8,ZW152208,ZW1522
6,ZW152206,ZW1522
7,ZW152207,ZW1522
9,ZW152209,ZW1522
1,ZW152201,ZW1522
2,ZW152202,ZW1522
17,ZW180717,ZW1807
24,ZW180724,ZW1807
23,ZW180723,ZW1807
21,ZW180721,ZW1807
25,ZW180725,ZW1807
20,ZW180720,ZW1807
28,ZW180728,ZW1807
30,ZW180730,ZW1807
18,ZW180718,ZW1807
2,ZW180702,ZW1807
15,ZW180715,ZW1807
31,ZW180731,ZW1807
32,ZW180732,ZW1807
27,ZW180727,ZW1807
4,ZW180704,ZW1807
5,ZW180705,ZW1807
10,ZW180710,ZW1807
3,ZW180703,ZW1807
7,ZW180707,ZW1807
19,ZW180719,ZW1807
22,ZW180722,ZW1807
16,ZW180716,ZW1807
13,ZW180713,ZW1807
1,ZW180701,ZW1807
14,ZW180714,ZW1807
9,ZW180709,ZW1807
12,ZW180712,ZW1807
11,ZW180711,ZW1807
6,ZW180706,ZW1807
33,ZW180733,ZW1807
8,ZW180708,ZW1807
26,ZW180726,ZW1807
34,ZW180734,ZW1807
29,ZW180729,ZW1807
20,ZW140620,ZW1406
19,ZW140619,ZW1406
33,ZW140633,ZW1406
25,ZW140625,ZW1406
35,ZW140635,ZW1406
17,ZW140617,ZW1406
23,ZW140623,ZW1406
22,ZW140622,ZW1406
30,ZW140630,ZW1406
18,ZW140618,ZW1406
31,ZW140631,ZW1406
15,ZW140615,ZW1406
12,ZW140612,ZW1406
10,ZW140610,ZW1406
11,ZW140611,ZW1406
27,ZW140627,ZW1406
21,ZW140621,ZW1406
6,ZW140606,ZW1406
4,ZW140604,ZW1406
1,ZW140601,ZW1406
8,ZW140608,ZW1406
9,ZW140609,ZW1406
28,ZW140628,ZW1406
29,ZW140629,ZW1406
2,ZW140602,ZW1406
7,ZW140607,ZW1406
3,ZW140603,ZW1406
5,ZW140605,ZW1406
26,ZW140626,ZW1406
24,ZW140624,ZW1406
34,ZW140634,ZW1406
32,ZW140632,ZW1406
14,ZW140614,ZW1406
13,ZW140613,ZW1406
16,ZW140616,ZW1406
18,ZW170818,ZW1708
16,ZW170816,ZW1708
19,ZW170819,ZW1708
15,ZW170815,ZW1708
17,ZW170817,ZW1708
14,ZW170814,ZW1708
6,ZW170806,ZW1708
1,ZW170801,ZW1708
2,ZW170802,ZW1708
7,ZW170807,ZW1708
5,ZW170805,ZW1708
13,ZW170813,ZW1708
3,ZW170803,ZW1708
8,ZW170808,ZW1708
4,ZW170804,ZW1708
9,ZW170809,ZW1708
10,ZW170810,ZW1708
12,ZW170812,ZW1708
11,ZW170811,ZW1708
3,ZW172503,ZW1725
7,ZW172507,ZW1725
9,ZW172509,ZW1725
4,ZW172504,ZW1725
6,ZW172506,ZW1725
1,ZW172501,ZW1725
5,ZW172505,ZW1725
8,ZW172508,ZW1725
10,ZW172510,ZW1725
2,ZW172502,ZW1725
